Designator,Val,Package,Mid X,Mid Y,Rotation,Layer
C1,100nF,C_0603_1608Metric,146.5,-49.0,180.0,top
C10,100nF,C_0603_1608Metric,157.93,-60.4,180.0,top
C100,100nF,C_0603_1608Metric,249.37,-94.6,180.0,top
C101,100nF,C_0603_1608Metric,260.8,-94.6,180.0,top
C102,100nF,C_0603_1608Metric,272.23,-94.6,180.0,top
C103,100nF,C_0603_1608Metric,283.66,-94.6,180.0,top
C104,100nF,C_0603_1608Metric,295.089999,-94.6,180.0,top
C105,100nF,C_0603_1608Metric,306.52,-94.6,180.0,top
C106,100nF,C_0603_1608Metric,226.51,-106.0,180.0,top
C107,100nF,C_0603_1608Metric,237.94,-106.0,180.0,top
C108,100nF,C_0603_1608Metric,249.37,-106.0,180.0,top
C109,100nF,C_0603_1608Metric,260.8,-106.0,180.0,top
C11,100nF,C_0603_1608Metric,169.36,-60.4,180.0,top
C110,100nF,C_0603_1608Metric,272.23,-106.0,180.0,top
C111,100nF,C_0603_1608Metric,283.66,-106.0,180.0,top
C112,100nF,C_0603_1608Metric,295.089999,-106.0,180.0,top
C113,100nF,C_0603_1608Metric,306.52,-106.0,180.0,top
C114,100nF,C_0603_1608Metric,226.51,-117.4,180.0,top
C115,100nF,C_0603_1608Metric,237.94,-117.4,180.0,top
C116,100nF,C_0603_1608Metric,249.37,-117.4,180.0,top
C117,100nF,C_0603_1608Metric,260.8,-117.4,180.0,top
C118,100nF,C_0603_1608Metric,272.23,-117.4,180.0,top
C119,100nF,C_0603_1608Metric,283.66,-117.4,180.0,top
C12,100nF,C_0603_1608Metric,180.79,-60.4,180.0,top
C120,100nF,C_0603_1608Metric,295.089999,-117.4,180.0,top
C121,100nF,C_0603_1608Metric,306.52,-117.4,180.0,top
C122,100nF,C_0603_1608Metric,226.51,-128.8,180.0,top
C123,100nF,C_0603_1608Metric,237.94,-128.8,180.0,top
C124,100nF,C_0603_1608Metric,249.37,-128.8,180.0,top
C125,100nF,C_0603_1608Metric,260.8,-128.8,180.0,top
C126,100nF,C_0603_1608Metric,272.23,-128.8,180.0,top
C127,100nF,C_0603_1608Metric,283.66,-128.8,180.0,top
C128,100nF,C_0603_1608Metric,295.089999,-128.8,180.0,top
C129,100nF,C_0603_1608Metric,306.52,-128.8,180.0,top
C13,100nF,C_0603_1608Metric,192.22,-60.4,180.0,top
C14,100nF,C_0603_1608Metric,203.65,-60.4,180.0,top
C15,100nF,C_0603_1608Metric,215.08,-60.4,180.0,top
C16,100nF,C_0603_1608Metric,317.95,-60.4,180.0,top
C17,100nF,C_0603_1608Metric,146.5,-71.8,180.0,top
C18,100nF,C_0603_1608Metric,157.93,-71.8,180.0,top
C19,100nF,C_0603_1608Metric,169.36,-71.8,180.0,top
C2,100nF,C_0603_1608Metric,157.93,-49.0,180.0,top
C20,100nF,C_0603_1608Metric,180.79,-71.8,180.0,top
C21,100nF,C_0603_1608Metric,192.22,-71.8,180.0,top
C22,100nF,C_0603_1608Metric,203.65,-71.8,180.0,top
C23,100nF,C_0603_1608Metric,215.08,-71.8,180.0,top
C24,100nF,C_0603_1608Metric,317.95,-71.8,180.0,top
C25,100nF,C_0603_1608Metric,146.5,-83.2,180.0,top
C26,100nF,C_0603_1608Metric,157.93,-83.2,180.0,top
C27,100nF,C_0603_1608Metric,169.36,-83.2,180.0,top
C28,100nF,C_0603_1608Metric,180.79,-83.2,180.0,top
C29,100nF,C_0603_1608Metric,192.22,-83.2,180.0,top
C3,100nF,C_0603_1608Metric,169.36,-49.0,180.0,top
C30,100nF,C_0603_1608Metric,203.65,-83.2,180.0,top
C31,100nF,C_0603_1608Metric,215.08,-83.2,180.0,top
C32,100nF,C_0603_1608Metric,317.95,-83.2,180.0,top
C33,100nF,C_0603_1608Metric,146.5,-94.6,180.0,top
C34,100nF,C_0603_1608Metric,157.93,-94.6,180.0,top
C35,100nF,C_0603_1608Metric,169.36,-94.6,180.0,top
C36,100nF,C_0603_1608Metric,180.79,-94.6,180.0,top
C37,100nF,C_0603_1608Metric,192.22,-94.6,180.0,top
C38,100nF,C_0603_1608Metric,203.65,-94.6,180.0,top
C39,100nF,C_0603_1608Metric,215.08,-94.6,180.0,top
C4,100nF,C_0603_1608Metric,180.79,-49.0,180.0,top
C40,100nF,C_0603_1608Metric,317.95,-94.6,180.0,top
C41,100nF,C_0603_1608Metric,146.5,-106.0,180.0,top
C42,100nF,C_0603_1608Metric,157.93,-106.0,180.0,top
C43,100nF,C_0603_1608Metric,169.36,-106.0,180.0,top
C44,100nF,C_0603_1608Metric,180.79,-106.0,180.0,top
C45,100nF,C_0603_1608Metric,192.22,-106.0,180.0,top
C46,100nF,C_0603_1608Metric,203.65,-106.0,180.0,top
C47,100nF,C_0603_1608Metric,215.08,-106.0,180.0,top
C48,100nF,C_0603_1608Metric,317.95,-106.0,180.0,top
C49,100nF,C_0603_1608Metric,146.5,-117.4,180.0,top
C5,100nF,C_0603_1608Metric,192.22,-49.0,180.0,top
C50,100nF,C_0603_1608Metric,157.93,-117.4,180.0,top
C51,100nF,C_0603_1608Metric,169.36,-117.4,180.0,top
C52,100nF,C_0603_1608Metric,180.79,-117.4,180.0,top
C53,100nF,C_0603_1608Metric,192.22,-117.4,180.0,top
C54,100nF,C_0603_1608Metric,203.65,-117.4,180.0,top
C55,100nF,C_0603_1608Metric,215.08,-117.4,180.0,top
C56,100nF,C_0603_1608Metric,317.95,-117.4,180.0,top
C57,100nF,C_0603_1608Metric,146.5,-128.8,180.0,top
C58,100nF,C_0603_1608Metric,157.93,-128.8,180.0,top
C59,100nF,C_0603_1608Metric,169.36,-128.8,180.0,top
C6,100nF,C_0603_1608Metric,203.65,-49.0,180.0,top
C60,100nF,C_0603_1608Metric,180.79,-128.8,180.0,top
C61,100nF,C_0603_1608Metric,192.22,-128.8,180.0,top
C62,100nF,C_0603_1608Metric,203.65,-128.8,180.0,top
C63,100nF,C_0603_1608Metric,215.08,-128.8,180.0,top
C64,100nF,C_0603_1608Metric,317.95,-128.8,180.0,top
C65,100nF,C_0603_1608Metric,134.62,-52.578,90.0,top
C66,100nF,C_0603_1608Metric,226.51,-49.0,180.0,top
C67,100nF,C_0603_1608Metric,237.94,-49.0,180.0,top
C68,100nF,C_0603_1608Metric,249.37,-49.0,180.0,top
C69,100nF,C_0603_1608Metric,260.8,-49.0,180.0,top
C7,100nF,C_0603_1608Metric,215.08,-49.0,180.0,top
C70,100nF,C_0603_1608Metric,272.23,-49.0,180.0,top
C71,100nF,C_0603_1608Metric,283.66,-49.0,180.0,top
C72,100nF,C_0603_1608Metric,295.089999,-49.0,180.0,top
C73,100nF,C_0603_1608Metric,306.52,-49.0,180.0,top
C74,100nF,C_0603_1608Metric,226.51,-60.4,180.0,top
C75,100nF,C_0603_1608Metric,237.94,-60.4,180.0,top
C76,100nF,C_0603_1608Metric,249.37,-60.4,180.0,top
C77,100nF,C_0603_1608Metric,260.8,-60.4,180.0,top
C78,100nF,C_0603_1608Metric,272.23,-60.4,180.0,top
C79,100nF,C_0603_1608Metric,283.66,-60.4,180.0,top
C8,100nF,C_0603_1608Metric,317.95,-49.0,180.0,top
C80,100nF,C_0603_1608Metric,295.089999,-60.4,180.0,top
C81,100nF,C_0603_1608Metric,306.52,-60.4,180.0,top
C82,100nF,C_0603_1608Metric,226.51,-71.8,180.0,top
C83,100nF,C_0603_1608Metric,237.94,-71.8,180.0,top
C84,100nF,C_0603_1608Metric,249.37,-71.8,180.0,top
C85,100nF,C_0603_1608Metric,260.8,-71.8,180.0,top
C86,100nF,C_0603_1608Metric,272.23,-71.8,180.0,top
C87,100nF,C_0603_1608Metric,283.66,-71.8,180.0,top
C88,100nF,C_0603_1608Metric,295.089999,-71.8,180.0,top
C89,100nF,C_0603_1608Metric,306.52,-71.8,180.0,top
C9,100nF,C_0603_1608Metric,146.5,-60.4,180.0,top
C90,100nF,C_0603_1608Metric,226.51,-83.2,180.0,top
C91,100nF,C_0603_1608Metric,237.94,-83.2,180.0,top
C92,100nF,C_0603_1608Metric,249.37,-83.2,180.0,top
C93,100nF,C_0603_1608Metric,260.8,-83.2,180.0,top
C94,100nF,C_0603_1608Metric,272.23,-83.2,180.0,top
C95,100nF,C_0603_1608Metric,283.66,-83.2,180.0,top
C96,100nF,C_0603_1608Metric,295.089999,-83.2,180.0,top
C97,100nF,C_0603_1608Metric,306.52,-83.2,180.0,top
C98,100nF,C_0603_1608Metric,226.51,-94.6,180.0,top
C99,100nF,C_0603_1608Metric,237.94,-94.6,180.0,top
D1,SK6812-EC20,SK6812-EC20,146.25,-51.1,90.0,top
D10,1N4148WS,D_SOD-323,138.25,-62.5,90.0,top
D100,SK6812-EC20,SK6812-EC20,180.54,-96.7,90.0,top
D101,SK6812-EC20,SK6812-EC20,191.97,-96.7,90.0,top
D102,SK6812-EC20,SK6812-EC20,203.4,-96.7,90.0,top
D103,SK6812-EC20,SK6812-EC20,214.83,-96.7,90.0,top
D104,SK6812-EC20,SK6812-EC20,317.7,-96.7,90.0,top
D105,SK6812-EC20,SK6812-EC20,146.25,-108.1,90.0,top
D106,SK6812-EC20,SK6812-EC20,157.68,-108.1,90.0,top
D107,SK6812-EC20,SK6812-EC20,169.11,-108.1,90.0,top
D108,SK6812-EC20,SK6812-EC20,180.54,-108.1,90.0,top
D109,SK6812-EC20,SK6812-EC20,191.97,-108.1,90.0,top
D11,1N4148WS,D_SOD-323,149.68,-62.5,90.0,top
D110,SK6812-EC20,SK6812-EC20,203.4,-108.1,90.0,top
D111,SK6812-EC20,SK6812-EC20,214.83,-108.1,90.0,top
D112,SK6812-EC20,SK6812-EC20,317.7,-108.1,90.0,top
D113,SK6812-EC20,SK6812-EC20,146.25,-119.5,90.0,top
D114,SK6812-EC20,SK6812-EC20,157.68,-119.5,90.0,top
D115,SK6812-EC20,SK6812-EC20,169.11,-119.5,90.0,top
D116,SK6812-EC20,SK6812-EC20,180.54,-119.5,90.0,top
D117,SK6812-EC20,SK6812-EC20,191.97,-119.5,90.0,top
D118,SK6812-EC20,SK6812-EC20,203.4,-119.5,90.0,top
D119,SK6812-EC20,SK6812-EC20,214.83,-119.5,90.0,top
D12,1N4148WS,D_SOD-323,161.11,-62.5,90.0,top
D120,SK6812-EC20,SK6812-EC20,317.7,-119.5,90.0,top
D121,SK6812-EC20,SK6812-EC20,146.25,-130.9,90.0,top
D122,SK6812-EC20,SK6812-EC20,157.68,-130.9,90.0,top
D123,SK6812-EC20,SK6812-EC20,169.11,-130.9,90.0,top
D124,SK6812-EC20,SK6812-EC20,180.54,-130.9,90.0,top
D125,SK6812-EC20,SK6812-EC20,191.97,-130.9,90.0,top
D126,SK6812-EC20,SK6812-EC20,203.4,-130.9,90.0,top
D127,SK6812-EC20,SK6812-EC20,214.83,-130.9,90.0,top
D128,SK6812-EC20,SK6812-EC20,317.7,-130.9,90.0,top
D129,1N4148WS,D_SOD-323,218.26,-51.1,90.0,top
D13,1N4148WS,D_SOD-323,172.54,-62.5,90.0,top
D130,1N4148WS,D_SOD-323,229.69,-51.1,90.0,top
D131,1N4148WS,D_SOD-323,241.12,-51.1,90.0,top
D132,1N4148WS,D_SOD-323,252.55,-51.1,90.0,top
D133,1N4148WS,D_SOD-323,263.98,-51.1,90.0,top
D134,1N4148WS,D_SOD-323,275.41,-51.1,90.0,top
D135,1N4148WS,D_SOD-323,286.839999,-51.1,90.0,top
D136,1N4148WS,D_SOD-323,298.27,-51.1,90.0,top
D137,1N4148WS,D_SOD-323,218.26,-62.5,90.0,top
D138,1N4148WS,D_SOD-323,229.69,-62.5,90.0,top
D139,1N4148WS,D_SOD-323,241.12,-62.5,90.0,top
D14,1N4148WS,D_SOD-323,183.97,-62.5,90.0,top
D140,1N4148WS,D_SOD-323,252.55,-62.5,90.0,top
D141,1N4148WS,D_SOD-323,263.98,-62.5,90.0,top
D142,1N4148WS,D_SOD-323,275.41,-62.5,90.0,top
D143,1N4148WS,D_SOD-323,286.839999,-62.5,90.0,top
D144,1N4148WS,D_SOD-323,298.27,-62.5,90.0,top
D145,1N4148WS,D_SOD-323,218.26,-73.9,90.0,top
D146,1N4148WS,D_SOD-323,229.69,-73.9,90.0,top
D147,1N4148WS,D_SOD-323,241.12,-73.9,90.0,top
D148,1N4148WS,D_SOD-323,252.55,-73.9,90.0,top
D149,1N4148WS,D_SOD-323,263.98,-73.9,90.0,top
D15,1N4148WS,D_SOD-323,195.4,-62.5,90.0,top
D150,1N4148WS,D_SOD-323,275.41,-73.9,90.0,top
D151,1N4148WS,D_SOD-323,286.839999,-73.9,90.0,top
D152,1N4148WS,D_SOD-323,298.27,-73.9,90.0,top
D153,1N4148WS,D_SOD-323,218.26,-85.3,90.0,top
D154,1N4148WS,D_SOD-323,229.69,-85.3,90.0,top
D155,1N4148WS,D_SOD-323,241.12,-85.3,90.0,top
D156,1N4148WS,D_SOD-323,252.55,-85.3,90.0,top
D157,1N4148WS,D_SOD-323,263.98,-85.3,90.0,top
D158,1N4148WS,D_SOD-323,275.41,-85.3,90.0,top
D159,1N4148WS,D_SOD-323,286.839999,-85.3,90.0,top
D16,1N4148WS,D_SOD-323,206.83,-62.5,90.0,top
D160,1N4148WS,D_SOD-323,298.27,-85.3,90.0,top
D161,1N4148WS,D_SOD-323,218.26,-96.7,90.0,top
D162,1N4148WS,D_SOD-323,229.69,-96.7,90.0,top
D163,1N4148WS,D_SOD-323,241.12,-96.7,90.0,top
D164,1N4148WS,D_SOD-323,252.55,-96.7,90.0,top
D165,1N4148WS,D_SOD-323,263.98,-96.7,90.0,top
D166,1N4148WS,D_SOD-323,275.41,-96.7,90.0,top
D167,1N4148WS,D_SOD-323,286.839999,-96.7,90.0,top
D168,1N4148WS,D_SOD-323,298.27,-96.7,90.0,top
D169,1N4148WS,D_SOD-323,218.26,-108.1,90.0,top
D17,1N4148WS,D_SOD-323,309.7,-62.5,90.0,top
D170,1N4148WS,D_SOD-323,229.69,-108.1,90.0,top
D171,1N4148WS,D_SOD-323,241.12,-108.1,90.0,top
D172,1N4148WS,D_SOD-323,252.55,-108.1,90.0,top
D173,1N4148WS,D_SOD-323,263.98,-108.1,90.0,top
D174,1N4148WS,D_SOD-323,275.41,-108.1,90.0,top
D175,1N4148WS,D_SOD-323,286.839999,-108.1,90.0,top
D176,1N4148WS,D_SOD-323,298.27,-108.1,90.0,top
D177,1N4148WS,D_SOD-323,218.26,-119.5,90.0,top
D178,1N4148WS,D_SOD-323,229.69,-119.5,90.0,top
D179,1N4148WS,D_SOD-323,241.12,-119.5,90.0,top
D18,1N4148WS,D_SOD-323,138.25,-73.9,90.0,top
D180,1N4148WS,D_SOD-323,252.55,-119.5,90.0,top
D181,1N4148WS,D_SOD-323,263.98,-119.5,90.0,top
D182,1N4148WS,D_SOD-323,275.41,-119.5,90.0,top
D183,1N4148WS,D_SOD-323,286.839999,-119.5,90.0,top
D184,1N4148WS,D_SOD-323,298.27,-119.5,90.0,top
D185,1N4148WS,D_SOD-323,218.26,-130.9,90.0,top
D186,1N4148WS,D_SOD-323,229.69,-130.9,90.0,top
D187,1N4148WS,D_SOD-323,241.12,-130.9,90.0,top
D188,1N4148WS,D_SOD-323,252.55,-130.9,90.0,top
D189,1N4148WS,D_SOD-323,263.98,-130.9,90.0,top
D19,1N4148WS,D_SOD-323,149.68,-73.9,90.0,top
D190,1N4148WS,D_SOD-323,275.41,-130.9,90.0,top
D191,1N4148WS,D_SOD-323,286.839999,-130.9,90.0,top
D192,1N4148WS,D_SOD-323,298.27,-130.9,90.0,top
D193,SK6812-EC20,SK6812-EC20,226.26,-51.1,90.0,top
D194,SK6812-EC20,SK6812-EC20,237.69,-51.1,90.0,top
D195,SK6812-EC20,SK6812-EC20,249.12,-51.1,90.0,top
D196,SK6812-EC20,SK6812-EC20,260.55,-51.1,90.0,top
D197,SK6812-EC20,SK6812-EC20,271.98,-51.1,90.0,top
D198,SK6812-EC20,SK6812-EC20,283.41,-51.1,90.0,top
D199,SK6812-EC20,SK6812-EC20,294.839999,-51.1,90.0,top
D2,1N4148WS,D_SOD-323,138.25,-51.1,90.0,top
D20,1N4148WS,D_SOD-323,161.11,-73.9,90.0,top
D200,SK6812-EC20,SK6812-EC20,306.27,-51.1,90.0,top
D201,SK6812-EC20,SK6812-EC20,226.26,-62.5,90.0,top
D202,SK6812-EC20,SK6812-EC20,237.69,-62.5,90.0,top
D203,SK6812-EC20,SK6812-EC20,249.12,-62.5,90.0,top
D204,SK6812-EC20,SK6812-EC20,260.55,-62.5,90.0,top
D205,SK6812-EC20,SK6812-EC20,271.98,-62.5,90.0,top
D206,SK6812-EC20,SK6812-EC20,283.41,-62.5,90.0,top
D207,SK6812-EC20,SK6812-EC20,294.839999,-62.5,90.0,top
D208,SK6812-EC20,SK6812-EC20,306.27,-62.5,90.0,top
D209,SK6812-EC20,SK6812-EC20,226.26,-73.9,90.0,top
D21,1N4148WS,D_SOD-323,172.54,-73.9,90.0,top
D210,SK6812-EC20,SK6812-EC20,237.69,-73.9,90.0,top
D211,SK6812-EC20,SK6812-EC20,249.12,-73.9,90.0,top
D212,SK6812-EC20,SK6812-EC20,260.55,-73.9,90.0,top
D213,SK6812-EC20,SK6812-EC20,271.98,-73.9,90.0,top
D214,SK6812-EC20,SK6812-EC20,283.41,-73.9,90.0,top
D215,SK6812-EC20,SK6812-EC20,294.839999,-73.9,90.0,top
D216,SK6812-EC20,SK6812-EC20,306.27,-73.9,90.0,top
D217,SK6812-EC20,SK6812-EC20,226.26,-85.3,90.0,top
D218,SK6812-EC20,SK6812-EC20,237.69,-85.3,90.0,top
D219,SK6812-EC20,SK6812-EC20,249.12,-85.3,90.0,top
D22,1N4148WS,D_SOD-323,183.97,-73.9,90.0,top
D220,SK6812-EC20,SK6812-EC20,260.55,-85.3,90.0,top
D221,SK6812-EC20,SK6812-EC20,271.98,-85.3,90.0,top
D222,SK6812-EC20,SK6812-EC20,283.41,-85.3,90.0,top
D223,SK6812-EC20,SK6812-EC20,294.839999,-85.3,90.0,top
D224,SK6812-EC20,SK6812-EC20,306.27,-85.3,90.0,top
D225,SK6812-EC20,SK6812-EC20,226.26,-96.7,90.0,top
D226,SK6812-EC20,SK6812-EC20,237.69,-96.7,90.0,top
D227,SK6812-EC20,SK6812-EC20,249.12,-96.7,90.0,top
D228,SK6812-EC20,SK6812-EC20,260.55,-96.7,90.0,top
D229,SK6812-EC20,SK6812-EC20,271.98,-96.7,90.0,top
D23,1N4148WS,D_SOD-323,195.4,-73.9,90.0,top
D230,SK6812-EC20,SK6812-EC20,283.41,-96.7,90.0,top
D231,SK6812-EC20,SK6812-EC20,294.839999,-96.7,90.0,top
D232,SK6812-EC20,SK6812-EC20,306.27,-96.7,90.0,top
D233,SK6812-EC20,SK6812-EC20,226.26,-108.1,90.0,top
D234,SK6812-EC20,SK6812-EC20,237.69,-108.1,90.0,top
D235,SK6812-EC20,SK6812-EC20,249.12,-108.1,90.0,top
D236,SK6812-EC20,SK6812-EC20,260.55,-108.1,90.0,top
D237,SK6812-EC20,SK6812-EC20,271.98,-108.1,90.0,top
D238,SK6812-EC20,SK6812-EC20,283.41,-108.1,90.0,top
D239,SK6812-EC20,SK6812-EC20,294.839999,-108.1,90.0,top
D24,1N4148WS,D_SOD-323,206.83,-73.9,90.0,top
D240,SK6812-EC20,SK6812-EC20,306.27,-108.1,90.0,top
D241,SK6812-EC20,SK6812-EC20,226.26,-119.5,90.0,top
D242,SK6812-EC20,SK6812-EC20,237.69,-119.5,90.0,top
D243,SK6812-EC20,SK6812-EC20,249.12,-119.5,90.0,top
D244,SK6812-EC20,SK6812-EC20,260.55,-119.5,90.0,top
D245,SK6812-EC20,SK6812-EC20,271.98,-119.5,90.0,top
D246,SK6812-EC20,SK6812-EC20,283.41,-119.5,90.0,top
D247,SK6812-EC20,SK6812-EC20,294.839999,-119.5,90.0,top
D248,SK6812-EC20,SK6812-EC20,306.27,-119.5,90.0,top
D249,SK6812-EC20,SK6812-EC20,226.26,-130.9,90.0,top
D25,1N4148WS,D_SOD-323,309.7,-73.9,90.0,top
D250,SK6812-EC20,SK6812-EC20,237.69,-130.9,90.0,top
D251,SK6812-EC20,SK6812-EC20,249.12,-130.9,90.0,top
D252,SK6812-EC20,SK6812-EC20,260.55,-130.9,90.0,top
D253,SK6812-EC20,SK6812-EC20,271.98,-130.9,90.0,top
D254,SK6812-EC20,SK6812-EC20,283.41,-130.9,90.0,top
D255,SK6812-EC20,SK6812-EC20,294.839999,-130.9,90.0,top
D256,SK6812-EC20,SK6812-EC20,306.27,-130.9,90.0,top
D26,1N4148WS,D_SOD-323,138.25,-85.3,90.0,top
D27,1N4148WS,D_SOD-323,149.68,-85.3,90.0,top
D28,1N4148WS,D_SOD-323,161.11,-85.3,90.0,top
D29,1N4148WS,D_SOD-323,172.54,-85.3,90.0,top
D3,1N4148WS,D_SOD-323,149.68,-51.1,90.0,top
D30,1N4148WS,D_SOD-323,183.97,-85.3,90.0,top
D31,1N4148WS,D_SOD-323,195.4,-85.3,90.0,top
D32,1N4148WS,D_SOD-323,206.83,-85.3,90.0,top
D33,1N4148WS,D_SOD-323,309.7,-85.3,90.0,top
D34,1N4148WS,D_SOD-323,138.25,-96.7,90.0,top
D35,1N4148WS,D_SOD-323,149.68,-96.7,90.0,top
D36,1N4148WS,D_SOD-323,161.11,-96.7,90.0,top
D37,1N4148WS,D_SOD-323,172.54,-96.7,90.0,top
D38,1N4148WS,D_SOD-323,183.97,-96.7,90.0,top
D39,1N4148WS,D_SOD-323,195.4,-96.7,90.0,top
D4,1N4148WS,D_SOD-323,161.11,-51.1,90.0,top
D40,1N4148WS,D_SOD-323,206.83,-96.7,90.0,top
D41,1N4148WS,D_SOD-323,309.7,-96.7,90.0,top
D42,1N4148WS,D_SOD-323,138.25,-108.1,90.0,top
D43,1N4148WS,D_SOD-323,149.68,-108.1,90.0,top
D44,1N4148WS,D_SOD-323,161.11,-108.1,90.0,top
D45,1N4148WS,D_SOD-323,172.54,-108.1,90.0,top
D46,1N4148WS,D_SOD-323,183.97,-108.1,90.0,top
D47,1N4148WS,D_SOD-323,195.4,-108.1,90.0,top
D48,1N4148WS,D_SOD-323,206.83,-108.1,90.0,top
D49,1N4148WS,D_SOD-323,309.7,-108.1,90.0,top
D5,1N4148WS,D_SOD-323,172.54,-51.1,90.0,top
D50,1N4148WS,D_SOD-323,138.25,-119.5,90.0,top
D51,1N4148WS,D_SOD-323,149.68,-119.5,90.0,top
D52,1N4148WS,D_SOD-323,161.11,-119.5,90.0,top
D53,1N4148WS,D_SOD-323,172.54,-119.5,90.0,top
D54,1N4148WS,D_SOD-323,183.97,-119.5,90.0,top
D55,1N4148WS,D_SOD-323,195.4,-119.5,90.0,top
D56,1N4148WS,D_SOD-323,206.83,-119.5,90.0,top
D57,1N4148WS,D_SOD-323,309.7,-119.5,90.0,top
D58,1N4148WS,D_SOD-323,138.25,-130.9,90.0,top
D59,1N4148WS,D_SOD-323,149.68,-130.9,90.0,top
D6,1N4148WS,D_SOD-323,183.97,-51.1,90.0,top
D60,1N4148WS,D_SOD-323,161.11,-130.9,90.0,top
D61,1N4148WS,D_SOD-323,172.54,-130.9,90.0,top
D62,1N4148WS,D_SOD-323,183.97,-130.9,90.0,top
D63,1N4148WS,D_SOD-323,195.4,-130.9,90.0,top
D64,1N4148WS,D_SOD-323,206.83,-130.9,90.0,top
D65,1N4148WS,D_SOD-323,309.7,-130.9,90.0,top
D66,SK6812-EC20,SK6812-EC20,157.68,-51.1,90.0,top
D67,SK6812-EC20,SK6812-EC20,169.11,-51.1,90.0,top
D68,SK6812-EC20,SK6812-EC20,180.54,-51.1,90.0,top
D69,SK6812-EC20,SK6812-EC20,191.97,-51.1,90.0,top
D7,1N4148WS,D_SOD-323,195.4,-51.1,90.0,top
D70,SK6812-EC20,SK6812-EC20,203.4,-51.1,90.0,top
D71,SK6812-EC20,SK6812-EC20,214.83,-51.1,90.0,top
D72,SK6812-EC20,SK6812-EC20,317.7,-51.1,90.0,top
D73,SK6812-EC20,SK6812-EC20,146.25,-62.5,90.0,top
D74,SK6812-EC20,SK6812-EC20,157.68,-62.5,90.0,top
D75,SK6812-EC20,SK6812-EC20,169.11,-62.5,90.0,top
D76,SK6812-EC20,SK6812-EC20,180.54,-62.5,90.0,top
D77,SK6812-EC20,SK6812-EC20,191.97,-62.5,90.0,top
D78,SK6812-EC20,SK6812-EC20,203.4,-62.5,90.0,top
D79,SK6812-EC20,SK6812-EC20,214.83,-62.5,90.0,top
D8,1N4148WS,D_SOD-323,206.83,-51.1,90.0,top
D80,SK6812-EC20,SK6812-EC20,317.7,-62.5,90.0,top
D81,SK6812-EC20,SK6812-EC20,146.25,-73.9,90.0,top
D82,SK6812-EC20,SK6812-EC20,157.68,-73.9,90.0,top
D83,SK6812-EC20,SK6812-EC20,169.11,-73.9,90.0,top
D84,SK6812-EC20,SK6812-EC20,180.54,-73.9,90.0,top
D85,SK6812-EC20,SK6812-EC20,191.97,-73.9,90.0,top
D86,SK6812-EC20,SK6812-EC20,203.4,-73.9,90.0,top
D87,SK6812-EC20,SK6812-EC20,214.83,-73.9,90.0,top
D88,SK6812-EC20,SK6812-EC20,317.7,-73.9,90.0,top
D89,SK6812-EC20,SK6812-EC20,146.25,-85.3,90.0,top
D9,1N4148WS,D_SOD-323,309.7,-51.1,90.0,top
D90,SK6812-EC20,SK6812-EC20,157.68,-85.3,90.0,top
D91,SK6812-EC20,SK6812-EC20,169.11,-85.3,90.0,top
D92,SK6812-EC20,SK6812-EC20,180.54,-85.3,90.0,top
D93,SK6812-EC20,SK6812-EC20,191.97,-85.3,90.0,top
D94,SK6812-EC20,SK6812-EC20,203.4,-85.3,90.0,top
D95,SK6812-EC20,SK6812-EC20,214.83,-85.3,90.0,top
D96,SK6812-EC20,SK6812-EC20,317.7,-85.3,90.0,top
D97,SK6812-EC20,SK6812-EC20,146.25,-96.7,90.0,top
D98,SK6812-EC20,SK6812-EC20,157.68,-96.7,90.0,top
D99,SK6812-EC20,SK6812-EC20,169.11,-96.7,90.0,top
SW1,SW_Push,SW_Push_1P1T_XKB_TS-1187A,142.085991,-51.1,90.0,top
SW10,SW_Push,SW_Push_1P1T_XKB_TS-1187A,153.515991,-62.5,90.0,top
SW100,SW_Push,SW_Push_1P1T_XKB_TS-1187A,256.385991,-96.805996,90.0,top
SW101,SW_Push,SW_Push_1P1T_XKB_TS-1187A,267.815991,-96.805996,90.0,top
SW102,SW_Push,SW_Push_1P1T_XKB_TS-1187A,279.245991,-96.805996,90.0,top
SW103,SW_Push,SW_Push_1P1T_XKB_TS-1187A,290.67599,-96.805996,90.0,top
SW104,SW_Push,SW_Push_1P1T_XKB_TS-1187A,302.105991,-96.805996,90.0,top
SW105,SW_Push,SW_Push_1P1T_XKB_TS-1187A,222.095991,-108.235996,90.0,top
SW106,SW_Push,SW_Push_1P1T_XKB_TS-1187A,233.525991,-108.235996,90.0,top
SW107,SW_Push,SW_Push_1P1T_XKB_TS-1187A,244.955991,-108.235996,90.0,top
SW108,SW_Push,SW_Push_1P1T_XKB_TS-1187A,256.385991,-108.235996,90.0,top
SW109,SW_Push,SW_Push_1P1T_XKB_TS-1187A,267.815991,-108.235996,90.0,top
SW11,SW_Push,SW_Push_1P1T_XKB_TS-1187A,164.945991,-62.5,90.0,top
SW110,SW_Push,SW_Push_1P1T_XKB_TS-1187A,279.245991,-108.235996,90.0,top
SW111,SW_Push,SW_Push_1P1T_XKB_TS-1187A,290.67599,-108.235996,90.0,top
SW112,SW_Push,SW_Push_1P1T_XKB_TS-1187A,302.105991,-108.235996,90.0,top
SW113,SW_Push,SW_Push_1P1T_XKB_TS-1187A,222.095991,-119.665996,90.0,top
SW114,SW_Push,SW_Push_1P1T_XKB_TS-1187A,233.525991,-119.665996,90.0,top
SW115,SW_Push,SW_Push_1P1T_XKB_TS-1187A,244.955991,-119.665996,90.0,top
SW116,SW_Push,SW_Push_1P1T_XKB_TS-1187A,256.385991,-119.665996,90.0,top
SW117,SW_Push,SW_Push_1P1T_XKB_TS-1187A,267.815991,-119.665996,90.0,top
SW118,SW_Push,SW_Push_1P1T_XKB_TS-1187A,279.245991,-119.665996,90.0,top
SW119,SW_Push,SW_Push_1P1T_XKB_TS-1187A,290.67599,-119.665996,90.0,top
SW12,SW_Push,SW_Push_1P1T_XKB_TS-1187A,176.375991,-62.5,90.0,top
SW120,SW_Push,SW_Push_1P1T_XKB_TS-1187A,302.105991,-119.665996,90.0,top
SW121,SW_Push,SW_Push_1P1T_XKB_TS-1187A,222.095991,-131.095996,90.0,top
SW122,SW_Push,SW_Push_1P1T_XKB_TS-1187A,233.525991,-131.095996,90.0,top
SW123,SW_Push,SW_Push_1P1T_XKB_TS-1187A,244.955991,-131.095996,90.0,top
SW124,SW_Push,SW_Push_1P1T_XKB_TS-1187A,256.385991,-131.095996,90.0,top
SW125,SW_Push,SW_Push_1P1T_XKB_TS-1187A,267.815991,-131.095996,90.0,top
SW126,SW_Push,SW_Push_1P1T_XKB_TS-1187A,279.245991,-131.095996,90.0,top
SW127,SW_Push,SW_Push_1P1T_XKB_TS-1187A,290.67599,-131.095996,90.0,top
SW128,SW_Push,SW_Push_1P1T_XKB_TS-1187A,302.105991,-131.095996,90.0,top
SW13,SW_Push,SW_Push_1P1T_XKB_TS-1187A,187.805991,-62.5,90.0,top
SW14,SW_Push,SW_Push_1P1T_XKB_TS-1187A,199.235991,-62.5,90.0,top
SW15,SW_Push,SW_Push_1P1T_XKB_TS-1187A,210.665991,-62.5,90.0,top
SW16,SW_Push,SW_Push_1P1T_XKB_TS-1187A,313.535991,-62.5,90.0,top
SW17,SW_Push,SW_Push_1P1T_XKB_TS-1187A,142.085991,-73.95,90.0,top
SW18,SW_Push,SW_Push_1P1T_XKB_TS-1187A,153.515991,-73.95,90.0,top
SW19,SW_Push,SW_Push_1P1T_XKB_TS-1187A,164.945991,-73.95,90.0,top
SW2,SW_Push,SW_Push_1P1T_XKB_TS-1187A,153.515991,-51.1,90.0,top
SW20,SW_Push,SW_Push_1P1T_XKB_TS-1187A,176.375991,-73.95,90.0,top
SW21,SW_Push,SW_Push_1P1T_XKB_TS-1187A,187.805991,-73.95,90.0,top
SW22,SW_Push,SW_Push_1P1T_XKB_TS-1187A,199.235991,-73.95,90.0,top
SW23,SW_Push,SW_Push_1P1T_XKB_TS-1187A,210.665991,-73.95,90.0,top
SW24,SW_Push,SW_Push_1P1T_XKB_TS-1187A,313.535991,-73.95,90.0,top
SW25,SW_Push,SW_Push_1P1T_XKB_TS-1187A,142.085991,-85.375997,90.0,top
SW26,SW_Push,SW_Push_1P1T_XKB_TS-1187A,153.515991,-85.375997,90.0,top
SW27,SW_Push,SW_Push_1P1T_XKB_TS-1187A,164.945991,-85.375997,90.0,top
SW28,SW_Push,SW_Push_1P1T_XKB_TS-1187A,176.375991,-85.375997,90.0,top
SW29,SW_Push,SW_Push_1P1T_XKB_TS-1187A,187.805991,-85.375997,90.0,top
SW3,SW_Push,SW_Push_1P1T_XKB_TS-1187A,164.945991,-51.1,90.0,top
SW30,SW_Push,SW_Push_1P1T_XKB_TS-1187A,199.235991,-85.375997,90.0,top
SW31,SW_Push,SW_Push_1P1T_XKB_TS-1187A,210.665991,-85.35,90.0,top
SW32,SW_Push,SW_Push_1P1T_XKB_TS-1187A,313.535991,-85.35,90.0,top
SW33,SW_Push,SW_Push_1P1T_XKB_TS-1187A,142.085991,-96.805996,90.0,top
SW34,SW_Push,SW_Push_1P1T_XKB_TS-1187A,153.515991,-96.805996,90.0,top
SW35,SW_Push,SW_Push_1P1T_XKB_TS-1187A,164.945991,-96.805996,90.0,top
SW36,SW_Push,SW_Push_1P1T_XKB_TS-1187A,176.375991,-96.805996,90.0,top
SW37,SW_Push,SW_Push_1P1T_XKB_TS-1187A,187.805991,-96.805996,90.0,top
SW38,SW_Push,SW_Push_1P1T_XKB_TS-1187A,199.235991,-96.805996,90.0,top
SW39,SW_Push,SW_Push_1P1T_XKB_TS-1187A,210.665991,-96.805996,90.0,top
SW4,SW_Push,SW_Push_1P1T_XKB_TS-1187A,176.375991,-51.1,90.0,top
SW40,SW_Push,SW_Push_1P1T_XKB_TS-1187A,313.535991,-96.805996,90.0,top
SW41,SW_Push,SW_Push_1P1T_XKB_TS-1187A,142.085991,-108.235996,90.0,top
SW42,SW_Push,SW_Push_1P1T_XKB_TS-1187A,153.515991,-108.235996,90.0,top
SW43,SW_Push,SW_Push_1P1T_XKB_TS-1187A,164.945991,-108.235996,90.0,top
SW44,SW_Push,SW_Push_1P1T_XKB_TS-1187A,176.375991,-108.235996,90.0,top
SW45,SW_Push,SW_Push_1P1T_XKB_TS-1187A,187.805991,-108.235996,90.0,top
SW46,SW_Push,SW_Push_1P1T_XKB_TS-1187A,199.235991,-108.235996,90.0,top
SW47,SW_Push,SW_Push_1P1T_XKB_TS-1187A,210.665991,-108.235996,90.0,top
SW48,SW_Push,SW_Push_1P1T_XKB_TS-1187A,313.535991,-108.235996,90.0,top
SW49,SW_Push,SW_Push_1P1T_XKB_TS-1187A,142.085991,-119.665996,90.0,top
SW5,SW_Push,SW_Push_1P1T_XKB_TS-1187A,187.805991,-51.1,90.0,top
SW50,SW_Push,SW_Push_1P1T_XKB_TS-1187A,153.515991,-119.665996,90.0,top
SW51,SW_Push,SW_Push_1P1T_XKB_TS-1187A,164.945991,-119.665996,90.0,top
SW52,SW_Push,SW_Push_1P1T_XKB_TS-1187A,176.375991,-119.665996,90.0,top
SW53,SW_Push,SW_Push_1P1T_XKB_TS-1187A,187.805991,-119.665996,90.0,top
SW54,SW_Push,SW_Push_1P1T_XKB_TS-1187A,199.235991,-119.665996,90.0,top
SW55,SW_Push,SW_Push_1P1T_XKB_TS-1187A,210.665991,-119.665996,90.0,top
SW56,SW_Push,SW_Push_1P1T_XKB_TS-1187A,313.535991,-119.665996,90.0,top
SW57,SW_Push,SW_Push_1P1T_XKB_TS-1187A,142.085991,-131.095996,90.0,top
SW58,SW_Push,SW_Push_1P1T_XKB_TS-1187A,153.515991,-131.095996,90.0,top
SW59,SW_Push,SW_Push_1P1T_XKB_TS-1187A,164.945991,-131.095996,90.0,top
SW6,SW_Push,SW_Push_1P1T_XKB_TS-1187A,199.235991,-51.1,90.0,top
SW60,SW_Push,SW_Push_1P1T_XKB_TS-1187A,176.375991,-131.095996,90.0,top
SW61,SW_Push,SW_Push_1P1T_XKB_TS-1187A,187.805991,-131.095996,90.0,top
SW62,SW_Push,SW_Push_1P1T_XKB_TS-1187A,199.235991,-131.095996,90.0,top
SW63,SW_Push,SW_Push_1P1T_XKB_TS-1187A,210.665991,-131.095996,90.0,top
SW64,SW_Push,SW_Push_1P1T_XKB_TS-1187A,313.535991,-131.095996,90.0,top
SW65,SW_Push,SW_Push_1P1T_XKB_TS-1187A,222.095991,-51.1,90.0,top
SW66,SW_Push,SW_Push_1P1T_XKB_TS-1187A,233.525991,-51.1,90.0,top
SW67,SW_Push,SW_Push_1P1T_XKB_TS-1187A,244.955991,-51.1,90.0,top
SW68,SW_Push,SW_Push_1P1T_XKB_TS-1187A,256.385991,-51.1,90.0,top
SW69,SW_Push,SW_Push_1P1T_XKB_TS-1187A,267.815991,-51.1,90.0,top
SW7,SW_Push,SW_Push_1P1T_XKB_TS-1187A,210.665991,-51.1,90.0,top
SW70,SW_Push,SW_Push_1P1T_XKB_TS-1187A,279.245991,-51.1,90.0,top
SW71,SW_Push,SW_Push_1P1T_XKB_TS-1187A,290.67599,-51.1,90.0,top
SW72,SW_Push,SW_Push_1P1T_XKB_TS-1187A,302.105991,-51.1,90.0,top
SW73,SW_Push,SW_Push_1P1T_XKB_TS-1187A,222.095991,-62.5,90.0,top
SW74,SW_Push,SW_Push_1P1T_XKB_TS-1187A,233.525991,-62.5,90.0,top
SW75,SW_Push,SW_Push_1P1T_XKB_TS-1187A,244.955991,-62.5,90.0,top
SW76,SW_Push,SW_Push_1P1T_XKB_TS-1187A,256.385991,-62.5,90.0,top
SW77,SW_Push,SW_Push_1P1T_XKB_TS-1187A,267.815991,-62.5,90.0,top
SW78,SW_Push,SW_Push_1P1T_XKB_TS-1187A,279.245991,-62.5,90.0,top
SW79,SW_Push,SW_Push_1P1T_XKB_TS-1187A,290.67599,-62.5,90.0,top
SW8,SW_Push,SW_Push_1P1T_XKB_TS-1187A,313.535991,-51.1,90.0,top
SW80,SW_Push,SW_Push_1P1T_XKB_TS-1187A,302.105991,-62.5,90.0,top
SW81,SW_Push,SW_Push_1P1T_XKB_TS-1187A,222.095991,-73.95,90.0,top
SW82,SW_Push,SW_Push_1P1T_XKB_TS-1187A,233.525991,-73.95,90.0,top
SW83,SW_Push,SW_Push_1P1T_XKB_TS-1187A,244.955991,-73.95,90.0,top
SW84,SW_Push,SW_Push_1P1T_XKB_TS-1187A,256.385991,-73.95,90.0,top
SW85,SW_Push,SW_Push_1P1T_XKB_TS-1187A,267.815991,-73.95,90.0,top
SW86,SW_Push,SW_Push_1P1T_XKB_TS-1187A,279.245991,-73.95,90.0,top
SW87,SW_Push,SW_Push_1P1T_XKB_TS-1187A,290.67599,-73.95,90.0,top
SW88,SW_Push,SW_Push_1P1T_XKB_TS-1187A,302.105991,-73.95,90.0,top
SW89,SW_Push,SW_Push_1P1T_XKB_TS-1187A,222.095991,-85.35,90.0,top
SW9,SW_Push,SW_Push_1P1T_XKB_TS-1187A,142.085991,-62.5,90.0,top
SW90,SW_Push,SW_Push_1P1T_XKB_TS-1187A,233.525991,-85.35,90.0,top
SW91,SW_Push,SW_Push_1P1T_XKB_TS-1187A,244.955991,-85.35,90.0,top
SW92,SW_Push,SW_Push_1P1T_XKB_TS-1187A,256.385991,-85.35,90.0,top
SW93,SW_Push,SW_Push_1P1T_XKB_TS-1187A,267.815991,-85.35,90.0,top
SW94,SW_Push,SW_Push_1P1T_XKB_TS-1187A,279.245991,-85.35,90.0,top
SW95,SW_Push,SW_Push_1P1T_XKB_TS-1187A,290.67599,-85.35,90.0,top
SW96,SW_Push,SW_Push_1P1T_XKB_TS-1187A,302.105991,-85.35,90.0,top
SW97,SW_Push,SW_Push_1P1T_XKB_TS-1187A,222.095991,-96.805996,90.0,top
SW98,SW_Push,SW_Push_1P1T_XKB_TS-1187A,233.525991,-96.805996,90.0,top
SW99,SW_Push,SW_Push_1P1T_XKB_TS-1187A,244.955991,-96.805996,90.0,top
U1,Pico,RPi_Pico_SMD_TH,159.135,-68.3,270.0,bottom
U2,74LVC1G17,SOT-23-5_HandSoldering,135.702,-56.468,90.0,top
